國別,西元年,民國年,類別,老化指數,資料說明,資料來源,
中華民國,2025,114,中推估,172.30,為年底數,國家發展委員會,
中華民國,2026,115,中推估,183.40,為年底數,國家發展委員會,
中華民國,2027,116,中推估,198.00,為年底數,國家發展委員會,
中華民國,2028,117,中推估,210.80,為年底數,國家發展委員會,
中華民國,2029,118,中推估,226.10,為年底數,國家發展委員會,
中華民國,2030,119,中推估,242.60,為年底數,國家發展委員會,
中華民國,2031,120,中推估,260.10,為年底數,國家發展委員會,
中華民國,2032,121,中推估,276.20,為年底數,國家發展委員會,
中華民國,2033,122,中推估,292.40,為年底數,國家發展委員會,
中華民國,2034,123,中推估,309.00,為年底數,國家發展委員會,
中華民國,2035,124,中推估,324.30,為年底數,國家發展委員會,
中華民國,2036,125,中推估,339.10,為年底數,國家發展委員會,
中華民國,2037,126,中推估,350.40,為年底數,國家發展委員會,
中華民國,2038,127,中推估,360.70,為年底數,國家發展委員會,
中華民國,2039,128,中推估,372.80,為年底數,國家發展委員會,
中華民國,2040,129,中推估,384.00,為年底數,國家發展委員會,
中華民國,2041,130,中推估,397.90,為年底數,國家發展委員會,
中華民國,2042,131,中推估,410.00,為年底數,國家發展委員會,
中華民國,2043,132,中推估,422.60,為年底數,國家發展委員會,
中華民國,2044,133,中推估,435.20,為年底數,國家發展委員會,
中華民國,2045,134,中推估,446.90,為年底數,國家發展委員會,
中華民國,2046,135,中推估,458.50,為年底數,國家發展委員會,
中華民國,2047,136,中推估,469.50,為年底數,國家發展委員會,
中華民國,2048,137,中推估,479.20,為年底數,國家發展委員會,
中華民國,2049,138,中推估,488.10,為年底數,國家發展委員會,
中華民國,2050,139,中推估,495.50,為年底數,國家發展委員會,
中華民國,2051,140,中推估,500.70,為年底數,國家發展委員會,
中華民國,2052,141,中推估,506.80,為年底數,國家發展委員會,
中華民國,2053,142,中推估,515.40,為年底數,國家發展委員會,
中華民國,2054,143,中推估,522.60,為年底數,國家發展委員會,
中華民國,2055,144,中推估,531.70,為年底數,國家發展委員會,
中華民國,2056,145,中推估,540.30,為年底數,國家發展委員會,
中華民國,2057,146,中推估,549.80,為年底數,國家發展委員會,
中華民國,2058,147,中推估,560.50,為年底數,國家發展委員會,
中華民國,2059,148,中推估,571.70,為年底數,國家發展委員會,
中華民國,2060,149,中推估,584.00,為年底數,國家發展委員會,
中華民國,2061,150,中推估,597.10,為年底數,國家發展委員會,
中華民國,2062,151,中推估,610.90,為年底數,國家發展委員會,
中華民國,2063,152,中推估,620.90,為年底數,國家發展委員會,
中華民國,2064,153,中推估,632.40,為年底數,國家發展委員會,
中華民國,2065,154,中推估,646.00,為年底數,國家發展委員會,
中華民國,2066,155,中推估,655.70,為年底數,國家發展委員會,
中華民國,2067,156,中推估,664.20,為年底數,國家發展委員會,
中華民國,2068,157,中推估,670.40,為年底數,國家發展委員會,
中華民國,2069,158,中推估,675.40,為年底數,國家發展委員會,
中華民國,2070,159,中推估,678.70,為年底數,國家發展委員會,
日本,2025,114,中推估,268.00,為10月1日數,国立社会保障・人口問題研究所，「日本の将来推計人口」（令和5年推計）,
日本,2026,115,中推估,273.80,為10月1日數,国立社会保障・人口問題研究所，「日本の将来推計人口」（令和5年推計）,
日本,2027,116,中推估,279.40,為10月1日數,国立社会保障・人口問題研究所，「日本の将来推計人口」（令和5年推計）,
日本,2028,117,中推估,285.50,為10月1日數,国立社会保障・人口問題研究所，「日本の将来推計人口」（令和5年推計）,
日本,2029,118,中推估,291.30,為10月1日數,国立社会保障・人口問題研究所，「日本の将来推計人口」（令和5年推計）,
日本,2030,119,中推估,298.20,為10月1日數,国立社会保障・人口問題研究所，「日本の将来推計人口」（令和5年推計）,
日本,2031,120,中推估,302.00,為10月1日數,国立社会保障・人口問題研究所，「日本の将来推計人口」（令和5年推計）,
日本,2032,121,中推估,308.00,為10月1日數,国立社会保障・人口問題研究所，「日本の将来推計人口」（令和5年推計）,
日本,2033,122,中推估,313.50,為10月1日數,国立社会保障・人口問題研究所，「日本の将来推計人口」（令和5年推計）,
日本,2034,123,中推估,318.40,為10月1日數,国立社会保障・人口問題研究所，「日本の将来推計人口」（令和5年推計）,
日本,2035,124,中推估,322.70,為10月1日數,国立社会保障・人口問題研究所，「日本の将来推計人口」（令和5年推計）,
日本,2036,125,中推估,327.70,為10月1日數,国立社会保障・人口問題研究所，「日本の将来推計人口」（令和5年推計）,
日本,2037,126,中推估,332.20,為10月1日數,国立社会保障・人口問題研究所，「日本の将来推計人口」（令和5年推計）,
日本,2038,127,中推估,336.30,為10月1日數,国立社会保障・人口問題研究所，「日本の将来推計人口」（令和5年推計）,
日本,2039,128,中推估,340.50,為10月1日數,国立社会保障・人口問題研究所，「日本の将来推計人口」（令和5年推計）,
日本,2040,129,中推估,344.00,為10月1日數,国立社会保障・人口問題研究所，「日本の将来推計人口」（令和5年推計）,
日本,2041,130,中推估,347.10,為10月1日數,国立社会保障・人口問題研究所，「日本の将来推計人口」（令和5年推計）,
日本,2042,131,中推估,349.80,為10月1日數,国立社会保障・人口問題研究所，「日本の将来推計人口」（令和5年推計）,
日本,2043,132,中推估,352.50,為10月1日數,国立社会保障・人口問題研究所，「日本の将来推計人口」（令和5年推計）,
日本,2044,133,中推估,355.10,為10月1日數,国立社会保障・人口問題研究所，「日本の将来推計人口」（令和5年推計）,
日本,2045,134,中推估,357.80,為10月1日數,国立社会保障・人口問題研究所，「日本の将来推計人口」（令和5年推計）,
日本,2046,135,中推估,360.30,為10月1日數,国立社会保障・人口問題研究所，「日本の将来推計人口」（令和5年推計）,
日本,2047,136,中推估,363.20,為10月1日數,国立社会保障・人口問題研究所，「日本の将来推計人口」（令和5年推計）,
日本,2048,137,中推估,366.50,為10月1日數,国立社会保障・人口問題研究所，「日本の将来推計人口」（令和5年推計）,
日本,2049,138,中推估,370.10,為10月1日數,国立社会保障・人口問題研究所，「日本の将来推計人口」（令和5年推計）,
日本,2050,139,中推估,373.60,為10月1日數,国立社会保障・人口問題研究所，「日本の将来推計人口」（令和5年推計）,
日本,2051,140,中推估,377.00,為10月1日數,国立社会保障・人口問題研究所，「日本の将来推計人口」（令和5年推計）,
日本,2052,141,中推估,380.70,為10月1日數,国立社会保障・人口問題研究所，「日本の将来推計人口」（令和5年推計）,
日本,2053,142,中推估,384.20,為10月1日數,国立社会保障・人口問題研究所，「日本の将来推計人口」（令和5年推計）,
日本,2054,143,中推估,387.70,為10月1日數,国立社会保障・人口問題研究所，「日本の将来推計人口」（令和5年推計）,
日本,2055,144,中推估,391.10,為10月1日數,国立社会保障・人口問題研究所，「日本の将来推計人口」（令和5年推計）,
日本,2056,145,中推估,394.40,為10月1日數,国立社会保障・人口問題研究所，「日本の将来推計人口」（令和5年推計）,
日本,2057,146,中推估,397.80,為10月1日數,国立社会保障・人口問題研究所，「日本の将来推計人口」（令和5年推計）,
日本,2058,147,中推估,401.10,為10月1日數,国立社会保障・人口問題研究所，「日本の将来推計人口」（令和5年推計）,
日本,2059,148,中推估,404.60,為10月1日數,国立社会保障・人口問題研究所，「日本の将来推計人口」（令和5年推計）,
日本,2060,149,中推估,408.00,為10月1日數,国立社会保障・人口問題研究所，「日本の将来推計人口」（令和5年推計）,
日本,2061,150,中推估,411.10,為10月1日數,国立社会保障・人口問題研究所，「日本の将来推計人口」（令和5年推計）,
日本,2062,151,中推估,413.90,為10月1日數,国立社会保障・人口問題研究所，「日本の将来推計人口」（令和5年推計）,
日本,2063,152,中推估,416.50,為10月1日數,国立社会保障・人口問題研究所，「日本の将来推計人口」（令和5年推計）,
日本,2064,153,中推估,418.50,為10月1日數,国立社会保障・人口問題研究所，「日本の将来推計人口」（令和5年推計）,
日本,2065,154,中推估,420.30,為10月1日數,国立社会保障・人口問題研究所，「日本の将来推計人口」（令和5年推計）,
日本,2066,155,中推估,421.50,為10月1日數,国立社会保障・人口問題研究所，「日本の将来推計人口」（令和5年推計）,
日本,2067,156,中推估,422.20,為10月1日數,国立社会保障・人口問題研究所，「日本の将来推計人口」（令和5年推計）,
日本,2068,157,中推估,422.50,為10月1日數,国立社会保障・人口問題研究所，「日本の将来推計人口」（令和5年推計）,
日本,2069,158,中推估,422.60,為10月1日數,国立社会保障・人口問題研究所，「日本の将来推計人口」（令和5年推計）,
日本,2070,159,中推估,422.20,為10月1日數,国立社会保障・人口問題研究所，「日本の将来推計人口」（令和5年推計）,
韓國,2025,114,中推估,199.90,為年中數,KOSIS KOrean Statistical Information Service網站,
韓國,2026,115,中推估,222.70,為年中數,KOSIS KOrean Statistical Information Service網站,
韓國,2027,116,中推估,244.00,為年中數,KOSIS KOrean Statistical Information Service網站,
韓國,2028,117,中推估,267.60,為年中數,KOSIS KOrean Statistical Information Service網站,
韓國,2029,118,中推估,288.20,為年中數,KOSIS KOrean Statistical Information Service網站,
韓國,2030,119,中推估,312.00,為年中數,KOSIS KOrean Statistical Information Service網站,
韓國,2031,120,中推估,336.00,為年中數,KOSIS KOrean Statistical Information Service網站,
韓國,2032,121,中推估,356.80,為年中數,KOSIS KOrean Statistical Information Service網站,
韓國,2033,122,中推估,375.10,為年中數,KOSIS KOrean Statistical Information Service網站,
韓國,2034,123,中推估,393.10,為年中數,KOSIS KOrean Statistical Information Service網站,
韓國,2035,124,中推估,406.70,為年中數,KOSIS KOrean Statistical Information Service網站,
韓國,2036,125,中推估,418.70,為年中數,KOSIS KOrean Statistical Information Service網站,
韓國,2037,126,中推估,427.60,為年中數,KOSIS KOrean Statistical Information Service網站,
韓國,2038,127,中推估,434.60,為年中數,KOSIS KOrean Statistical Information Service網站,
韓國,2039,128,中推估,439.80,為年中數,KOSIS KOrean Statistical Information Service網站,
韓國,2040,129,中推估,442.20,為年中數,KOSIS KOrean Statistical Information Service網站,
韓國,2041,130,中推估,443.70,為年中數,KOSIS KOrean Statistical Information Service網站,
韓國,2042,131,中推估,446.00,為年中數,KOSIS KOrean Statistical Information Service網站,
韓國,2043,132,中推估,449.70,為年中數,KOSIS KOrean Statistical Information Service網站,
韓國,2044,133,中推估,454.60,為年中數,KOSIS KOrean Statistical Information Service網站,
韓國,2045,134,中推估,462.10,為年中數,KOSIS KOrean Statistical Information Service網站,
韓國,2046,135,中推估,470.50,為年中數,KOSIS KOrean Statistical Information Service網站,
韓國,2047,136,中推估,479.80,為年中數,KOSIS KOrean Statistical Information Service網站,
韓國,2048,137,中推估,488.60,為年中數,KOSIS KOrean Statistical Information Service網站,
韓國,2049,138,中推估,496.50,為年中數,KOSIS KOrean Statistical Information Service網站,
韓國,2050,139,中推估,504.00,為年中數,KOSIS KOrean Statistical Information Service網站,
韓國,2051,140,中推估,512.80,為年中數,KOSIS KOrean Statistical Information Service網站,
韓國,2052,141,中推估,522.40,為年中數,KOSIS KOrean Statistical Information Service網站,
韓國,2053,142,中推估,532.60,為年中數,KOSIS KOrean Statistical Information Service網站,
韓國,2054,143,中推估,543.50,為年中數,KOSIS KOrean Statistical Information Service網站,
韓國,2055,144,中推估,555.60,為年中數,KOSIS KOrean Statistical Information Service網站,
韓國,2056,145,中推估,568.60,為年中數,KOSIS KOrean Statistical Information Service網站,
韓國,2057,146,中推估,584.30,為年中數,KOSIS KOrean Statistical Information Service網站,
韓國,2058,147,中推估,601.30,為年中數,KOSIS KOrean Statistical Information Service網站,
韓國,2059,148,中推估,618.80,為年中數,KOSIS KOrean Statistical Information Service網站,
韓國,2060,149,中推估,636.90,為年中數,KOSIS KOrean Statistical Information Service網站,
韓國,2061,150,中推估,655.60,為年中數,KOSIS KOrean Statistical Information Service網站,
韓國,2062,151,中推估,673.80,為年中數,KOSIS KOrean Statistical Information Service網站,
韓國,2063,152,中推估,691.20,為年中數,KOSIS KOrean Statistical Information Service網站,
韓國,2064,153,中推估,706.60,為年中數,KOSIS KOrean Statistical Information Service網站,
韓國,2065,154,中推估,721.00,為年中數,KOSIS KOrean Statistical Information Service網站,
韓國,2066,155,中推估,732.80,為年中數,KOSIS KOrean Statistical Information Service網站,
韓國,2067,156,中推估,739.10,為年中數,KOSIS KOrean Statistical Information Service網站,
韓國,2068,157,中推估,741.80,為年中數,KOSIS KOrean Statistical Information Service網站,
韓國,2069,158,中推估,742.00,為年中數,KOSIS KOrean Statistical Information Service網站,
韓國,2070,159,中推估,738.60,為年中數,KOSIS KOrean Statistical Information Service網站,
美國,2025,114,中推估,109.20,為年中數,U.S. Census Bureau網站,
美國,2026,115,中推估,112.80,為年中數,U.S. Census Bureau網站,
美國,2027,116,中推估,116.20,為年中數,U.S. Census Bureau網站,
美國,2028,117,中推估,119.50,為年中數,U.S. Census Bureau網站,
美國,2029,118,中推估,122.60,為年中數,U.S. Census Bureau網站,
美國,2030,119,中推估,125.50,為年中數,U.S. Census Bureau網站,
美國,2031,120,中推估,128.00,為年中數,U.S. Census Bureau網站,
美國,2032,121,中推估,130.10,為年中數,U.S. Census Bureau網站,
美國,2033,122,中推估,131.80,為年中數,U.S. Census Bureau網站,
美國,2034,123,中推估,133.40,為年中數,U.S. Census Bureau網站,
美國,2035,124,中推估,135.10,為年中數,U.S. Census Bureau網站,
美國,2036,125,中推估,136.40,為年中數,U.S. Census Bureau網站,
美國,2037,126,中推估,137.60,為年中數,U.S. Census Bureau網站,
美國,2038,127,中推估,138.20,為年中數,U.S. Census Bureau網站,
美國,2039,128,中推估,138.80,為年中數,U.S. Census Bureau網站,
美國,2040,129,中推估,139.30,為年中數,U.S. Census Bureau網站,
美國,2041,130,中推估,139.80,為年中數,U.S. Census Bureau網站,
美國,2042,131,中推估,140.50,為年中數,U.S. Census Bureau網站,
美國,2043,132,中推估,141.20,為年中數,U.S. Census Bureau網站,
美國,2044,133,中推估,142.10,為年中數,U.S. Census Bureau網站,
美國,2045,134,中推估,143.30,為年中數,U.S. Census Bureau網站,
美國,2046,135,中推估,144.40,為年中數,U.S. Census Bureau網站,
美國,2047,136,中推估,145.80,為年中數,U.S. Census Bureau網站,
美國,2048,137,中推估,147.10,為年中數,U.S. Census Bureau網站,
美國,2049,138,中推估,148.30,為年中數,U.S. Census Bureau網站,
美國,2050,139,中推估,149.80,為年中數,U.S. Census Bureau網站,
美國,2051,140,中推估,151.30,為年中數,U.S. Census Bureau網站,
美國,2052,141,中推估,152.80,為年中數,U.S. Census Bureau網站,
美國,2053,142,中推估,154.40,為年中數,U.S. Census Bureau網站,
美國,2054,143,中推估,156.20,為年中數,U.S. Census Bureau網站,
美國,2055,144,中推估,158.20,為年中數,U.S. Census Bureau網站,
美國,2056,145,中推估,160.30,為年中數,U.S. Census Bureau網站,
美國,2057,146,中推估,162.30,為年中數,U.S. Census Bureau網站,
美國,2058,147,中推估,164.10,為年中數,U.S. Census Bureau網站,
美國,2059,148,中推估,165.80,為年中數,U.S. Census Bureau網站,
美國,2060,149,中推估,167.50,為年中數,U.S. Census Bureau網站,
美國,2061,150,中推估,169.00,為年中數,U.S. Census Bureau網站,
美國,2062,151,中推估,170.60,為年中數,U.S. Census Bureau網站,
美國,2063,152,中推估,172.20,為年中數,U.S. Census Bureau網站,
美國,2064,153,中推估,174.10,為年中數,U.S. Census Bureau網站,
美國,2065,154,中推估,176.20,為年中數,U.S. Census Bureau網站,
美國,2066,155,中推估,178.50,為年中數,U.S. Census Bureau網站,
美國,2067,156,中推估,180.30,為年中數,U.S. Census Bureau網站,
美國,2068,157,中推估,181.80,為年中數,U.S. Census Bureau網站,
美國,2069,158,中推估,183.50,為年中數,U.S. Census Bureau網站,
美國,2070,159,中推估,185.10,為年中數,U.S. Census Bureau網站,
英國,2025,114,中推估,117.20,為年中數,Office for National Statistic網站,
英國,2026,115,中推估,120.60,為年中數,Office for National Statistic網站,
英國,2027,116,中推估,124.30,為年中數,Office for National Statistic網站,
英國,2028,117,中推估,128.10,為年中數,Office for National Statistic網站,
英國,2029,118,中推估,131.80,為年中數,Office for National Statistic網站,
英國,2030,119,中推估,135.60,為年中數,Office for National Statistic網站,
英國,2031,120,中推估,139.40,為年中數,Office for National Statistic網站,
英國,2032,121,中推估,142.80,為年中數,Office for National Statistic網站,
英國,2033,122,中推估,146.00,為年中數,Office for National Statistic網站,
英國,2034,123,中推估,148.90,為年中數,Office for National Statistic網站,
英國,2035,124,中推估,151.40,為年中數,Office for National Statistic網站,
英國,2036,125,中推估,153.70,為年中數,Office for National Statistic網站,
英國,2037,126,中推估,155.70,為年中數,Office for National Statistic網站,
英國,2038,127,中推估,156.80,為年中數,Office for National Statistic網站,
英國,2039,128,中推估,157.40,為年中數,Office for National Statistic網站,
英國,2040,129,中推估,157.90,為年中數,Office for National Statistic網站,
英國,2041,130,中推估,158.20,為年中數,Office for National Statistic網站,
英國,2042,131,中推估,158.40,為年中數,Office for National Statistic網站,
英國,2043,132,中推估,158.50,為年中數,Office for National Statistic網站,
英國,2044,133,中推估,159.20,為年中數,Office for National Statistic網站,
英國,2045,134,中推估,160.20,為年中數,Office for National Statistic網站,
英國,2046,135,中推估,161.20,為年中數,Office for National Statistic網站,
英國,2047,136,中推估,162.00,為年中數,Office for National Statistic網站,
英國,2048,137,中推估,163.00,為年中數,Office for National Statistic網站,
英國,2049,138,中推估,164.00,為年中數,Office for National Statistic網站,
英國,2050,139,中推估,165.40,為年中數,Office for National Statistic網站,
英國,2051,140,中推估,166.80,為年中數,Office for National Statistic網站,
英國,2052,141,中推估,168.50,為年中數,Office for National Statistic網站,
英國,2053,142,中推估,170.50,為年中數,Office for National Statistic網站,
英國,2054,143,中推估,172.50,為年中數,Office for National Statistic網站,
英國,2055,144,中推估,174.70,為年中數,Office for National Statistic網站,
英國,2056,145,中推估,177.20,為年中數,Office for National Statistic網站,
英國,2057,146,中推估,179.60,為年中數,Office for National Statistic網站,
英國,2058,147,中推估,182.10,為年中數,Office for National Statistic網站,
英國,2059,148,中推估,184.60,為年中數,Office for National Statistic網站,
英國,2060,149,中推估,187.20,為年中數,Office for National Statistic網站,
英國,2061,150,中推估,189.70,為年中數,Office for National Statistic網站,
英國,2062,151,中推估,192.50,為年中數,Office for National Statistic網站,
英國,2063,152,中推估,195.20,為年中數,Office for National Statistic網站,
英國,2064,153,中推估,197.90,為年中數,Office for National Statistic網站,
英國,2065,154,中推估,200.40,為年中數,Office for National Statistic網站,
英國,2066,155,中推估,202.80,為年中數,Office for National Statistic網站,
英國,2067,156,中推估,205.20,為年中數,Office for National Statistic網站,
英國,2068,157,中推估,207.50,為年中數,Office for National Statistic網站,
英國,2069,158,中推估,209.80,為年中數,Office for National Statistic網站,
英國,2070,159,中推估,212.00,為年中數,Office for National Statistic網站,
德國,2025,114,中推估,158.00,官方發布之資料為年初數，為利與我國比較，以次年年初數，當作本年年底數呈現,EUROSTAT網站,
德國,2026,115,中推估,159.80,官方發布之資料為年初數，為利與我國比較，以次年年初數，當作本年年底數呈現,EUROSTAT網站,
德國,2027,116,中推估,162.20,官方發布之資料為年初數，為利與我國比較，以次年年初數，當作本年年底數呈現,EUROSTAT網站,
德國,2028,117,中推估,165.00,官方發布之資料為年初數，為利與我國比較，以次年年初數，當作本年年底數呈現,EUROSTAT網站,
德國,2029,118,中推估,168.30,官方發布之資料為年初數，為利與我國比較，以次年年初數，當作本年年底數呈現,EUROSTAT網站,
德國,2030,119,中推估,171.70,官方發布之資料為年初數，為利與我國比較，以次年年初數，當作本年年底數呈現,EUROSTAT網站,
德國,2031,120,中推估,175.60,官方發布之資料為年初數，為利與我國比較，以次年年初數，當作本年年底數呈現,EUROSTAT網站,
德國,2032,121,中推估,179.30,官方發布之資料為年初數，為利與我國比較，以次年年初數，當作本年年底數呈現,EUROSTAT網站,
德國,2033,122,中推估,182.90,官方發布之資料為年初數，為利與我國比較，以次年年初數，當作本年年底數呈現,EUROSTAT網站,
德國,2034,123,中推估,186.00,官方發布之資料為年初數，為利與我國比較，以次年年初數，當作本年年底數呈現,EUROSTAT網站,
德國,2035,124,中推估,188.50,官方發布之資料為年初數，為利與我國比較，以次年年初數，當作本年年底數呈現,EUROSTAT網站,
德國,2036,125,中推估,191.00,官方發布之資料為年初數，為利與我國比較，以次年年初數，當作本年年底數呈現,EUROSTAT網站,
德國,2037,126,中推估,192.10,官方發布之資料為年初數，為利與我國比較，以次年年初數，當作本年年底數呈現,EUROSTAT網站,
德國,2038,127,中推估,193.10,官方發布之資料為年初數，為利與我國比較，以次年年初數，當作本年年底數呈現,EUROSTAT網站,
德國,2039,128,中推估,194.00,官方發布之資料為年初數，為利與我國比較，以次年年初數，當作本年年底數呈現,EUROSTAT網站,
德國,2040,129,中推估,194.60,官方發布之資料為年初數，為利與我國比較，以次年年初數，當作本年年底數呈現,EUROSTAT網站,
德國,2041,130,中推估,195.40,官方發布之資料為年初數，為利與我國比較，以次年年初數，當作本年年底數呈現,EUROSTAT網站,
德國,2042,131,中推估,196.10,官方發布之資料為年初數，為利與我國比較，以次年年初數，當作本年年底數呈現,EUROSTAT網站,
德國,2043,132,中推估,196.80,官方發布之資料為年初數，為利與我國比較，以次年年初數，當作本年年底數呈現,EUROSTAT網站,
德國,2044,133,中推估,197.30,官方發布之資料為年初數，為利與我國比較，以次年年初數，當作本年年底數呈現,EUROSTAT網站,
德國,2045,134,中推估,197.90,官方發布之資料為年初數，為利與我國比較，以次年年初數，當作本年年底數呈現,EUROSTAT網站,
德國,2046,135,中推估,198.40,官方發布之資料為年初數，為利與我國比較，以次年年初數，當作本年年底數呈現,EUROSTAT網站,
德國,2047,136,中推估,198.70,官方發布之資料為年初數，為利與我國比較，以次年年初數，當作本年年底數呈現,EUROSTAT網站,
德國,2048,137,中推估,198.60,官方發布之資料為年初數，為利與我國比較，以次年年初數，當作本年年底數呈現,EUROSTAT網站,
德國,2049,138,中推估,198.40,官方發布之資料為年初數，為利與我國比較，以次年年初數，當作本年年底數呈現,EUROSTAT網站,
德國,2050,139,中推估,198.20,官方發布之資料為年初數，為利與我國比較，以次年年初數，當作本年年底數呈現,EUROSTAT網站,
德國,2051,140,中推估,198.10,官方發布之資料為年初數，為利與我國比較，以次年年初數，當作本年年底數呈現,EUROSTAT網站,
德國,2052,141,中推估,198.20,官方發布之資料為年初數，為利與我國比較，以次年年初數，當作本年年底數呈現,EUROSTAT網站,
德國,2053,142,中推估,198.50,官方發布之資料為年初數，為利與我國比較，以次年年初數，當作本年年底數呈現,EUROSTAT網站,
德國,2054,143,中推估,198.70,官方發布之資料為年初數，為利與我國比較，以次年年初數，當作本年年底數呈現,EUROSTAT網站,
德國,2055,144,中推估,199.10,官方發布之資料為年初數，為利與我國比較，以次年年初數，當作本年年底數呈現,EUROSTAT網站,
德國,2056,145,中推估,198.90,官方發布之資料為年初數，為利與我國比較，以次年年初數，當作本年年底數呈現,EUROSTAT網站,
德國,2057,146,中推估,198.70,官方發布之資料為年初數，為利與我國比較，以次年年初數，當作本年年底數呈現,EUROSTAT網站,
德國,2058,147,中推估,198.60,官方發布之資料為年初數，為利與我國比較，以次年年初數，當作本年年底數呈現,EUROSTAT網站,
德國,2059,148,中推估,198.60,官方發布之資料為年初數，為利與我國比較，以次年年初數，當作本年年底數呈現,EUROSTAT網站,
德國,2060,149,中推估,198.70,官方發布之資料為年初數，為利與我國比較，以次年年初數，當作本年年底數呈現,EUROSTAT網站,
德國,2061,150,中推估,199.30,官方發布之資料為年初數，為利與我國比較，以次年年初數，當作本年年底數呈現,EUROSTAT網站,
德國,2062,151,中推估,200.30,官方發布之資料為年初數，為利與我國比較，以次年年初數，當作本年年底數呈現,EUROSTAT網站,
德國,2063,152,中推估,201.30,官方發布之資料為年初數，為利與我國比較，以次年年初數，當作本年年底數呈現,EUROSTAT網站,
德國,2064,153,中推估,202.40,官方發布之資料為年初數，為利與我國比較，以次年年初數，當作本年年底數呈現,EUROSTAT網站,
德國,2065,154,中推估,203.70,官方發布之資料為年初數，為利與我國比較，以次年年初數，當作本年年底數呈現,EUROSTAT網站,
德國,2066,155,中推估,204.80,官方發布之資料為年初數，為利與我國比較，以次年年初數，當作本年年底數呈現,EUROSTAT網站,
德國,2067,156,中推估,205.90,官方發布之資料為年初數，為利與我國比較，以次年年初數，當作本年年底數呈現,EUROSTAT網站,
德國,2068,157,中推估,206.90,官方發布之資料為年初數，為利與我國比較，以次年年初數，當作本年年底數呈現,EUROSTAT網站,
德國,2069,158,中推估,208.00,官方發布之資料為年初數，為利與我國比較，以次年年初數，當作本年年底數呈現,EUROSTAT網站,
德國,2070,159,中推估,209.10,官方發布之資料為年初數，為利與我國比較，以次年年初數，當作本年年底數呈現,EUROSTAT網站,
法國,2025,114,中推估,131.90,官方發布之資料為年初數，為利與我國比較，以次年年初數，當作本年年底數呈現,EUROSTAT網站,
法國,2026,115,中推估,135.20,官方發布之資料為年初數，為利與我國比較，以次年年初數，當作本年年底數呈現,EUROSTAT網站,
法國,2027,116,中推估,138.40,官方發布之資料為年初數，為利與我國比較，以次年年初數，當作本年年底數呈現,EUROSTAT網站,
法國,2028,117,中推估,141.80,官方發布之資料為年初數，為利與我國比較，以次年年初數，當作本年年底數呈現,EUROSTAT網站,
法國,2029,118,中推估,145.10,官方發布之資料為年初數，為利與我國比較，以次年年初數，當作本年年底數呈現,EUROSTAT網站,
法國,2030,119,中推估,148.00,官方發布之資料為年初數，為利與我國比較，以次年年初數，當作本年年底數呈現,EUROSTAT網站,
法國,2031,120,中推估,150.50,官方發布之資料為年初數，為利與我國比較，以次年年初數，當作本年年底數呈現,EUROSTAT網站,
法國,2032,121,中推估,152.40,官方發布之資料為年初數，為利與我國比較，以次年年初數，當作本年年底數呈現,EUROSTAT網站,
法國,2033,122,中推估,154.10,官方發布之資料為年初數，為利與我國比較，以次年年初數，當作本年年底數呈現,EUROSTAT網站,
法國,2034,123,中推估,155.70,官方發布之資料為年初數，為利與我國比較，以次年年初數，當作本年年底數呈現,EUROSTAT網站,
法國,2035,124,中推估,157.00,官方發布之資料為年初數，為利與我國比較，以次年年初數，當作本年年底數呈現,EUROSTAT網站,
法國,2036,125,中推估,158.50,官方發布之資料為年初數，為利與我國比較，以次年年初數，當作本年年底數呈現,EUROSTAT網站,
法國,2037,126,中推估,160.50,官方發布之資料為年初數，為利與我國比較，以次年年初數，當作本年年底數呈現,EUROSTAT網站,
法國,2038,127,中推估,162.10,官方發布之資料為年初數，為利與我國比較，以次年年初數，當作本年年底數呈現,EUROSTAT網站,
法國,2039,128,中推估,163.30,官方發布之資料為年初數，為利與我國比較，以次年年初數，當作本年年底數呈現,EUROSTAT網站,
法國,2040,129,中推估,164.00,官方發布之資料為年初數，為利與我國比較，以次年年初數，當作本年年底數呈現,EUROSTAT網站,
法國,2041,130,中推估,164.50,官方發布之資料為年初數，為利與我國比較，以次年年初數，當作本年年底數呈現,EUROSTAT網站,
法國,2042,131,中推估,165.20,官方發布之資料為年初數，為利與我國比較，以次年年初數，當作本年年底數呈現,EUROSTAT網站,
法國,2043,132,中推估,165.80,官方發布之資料為年初數，為利與我國比較，以次年年初數，當作本年年底數呈現,EUROSTAT網站,
法國,2044,133,中推估,166.70,官方發布之資料為年初數，為利與我國比較，以次年年初數，當作本年年底數呈現,EUROSTAT網站,
法國,2045,134,中推估,168.10,官方發布之資料為年初數，為利與我國比較，以次年年初數，當作本年年底數呈現,EUROSTAT網站,
法國,2046,135,中推估,169.50,官方發布之資料為年初數，為利與我國比較，以次年年初數，當作本年年底數呈現,EUROSTAT網站,
法國,2047,136,中推估,170.90,官方發布之資料為年初數，為利與我國比較，以次年年初數，當作本年年底數呈現,EUROSTAT網站,
法國,2048,137,中推估,172.00,官方發布之資料為年初數，為利與我國比較，以次年年初數，當作本年年底數呈現,EUROSTAT網站,
法國,2049,138,中推估,173.40,官方發布之資料為年初數，為利與我國比較，以次年年初數，當作本年年底數呈現,EUROSTAT網站,
法國,2050,139,中推估,175.00,官方發布之資料為年初數，為利與我國比較，以次年年初數，當作本年年底數呈現,EUROSTAT網站,
法國,2051,140,中推估,176.70,官方發布之資料為年初數，為利與我國比較，以次年年初數，當作本年年底數呈現,EUROSTAT網站,
法國,2052,141,中推估,178.40,官方發布之資料為年初數，為利與我國比較，以次年年初數，當作本年年底數呈現,EUROSTAT網站,
法國,2053,142,中推估,180.10,官方發布之資料為年初數，為利與我國比較，以次年年初數，當作本年年底數呈現,EUROSTAT網站,
法國,2054,143,中推估,181.80,官方發布之資料為年初數，為利與我國比較，以次年年初數，當作本年年底數呈現,EUROSTAT網站,
法國,2055,144,中推估,183.50,官方發布之資料為年初數，為利與我國比較，以次年年初數，當作本年年底數呈現,EUROSTAT網站,
法國,2056,145,中推估,185.00,官方發布之資料為年初數，為利與我國比較，以次年年初數，當作本年年底數呈現,EUROSTAT網站,
法國,2057,146,中推估,186.30,官方發布之資料為年初數，為利與我國比較，以次年年初數，當作本年年底數呈現,EUROSTAT網站,
法國,2058,147,中推估,187.40,官方發布之資料為年初數，為利與我國比較，以次年年初數，當作本年年底數呈現,EUROSTAT網站,
法國,2059,148,中推估,188.30,官方發布之資料為年初數，為利與我國比較，以次年年初數，當作本年年底數呈現,EUROSTAT網站,
法國,2060,149,中推估,189.30,官方發布之資料為年初數，為利與我國比較，以次年年初數，當作本年年底數呈現,EUROSTAT網站,
法國,2061,150,中推估,190.20,官方發布之資料為年初數，為利與我國比較，以次年年初數，當作本年年底數呈現,EUROSTAT網站,
法國,2062,151,中推估,191.00,官方發布之資料為年初數，為利與我國比較，以次年年初數，當作本年年底數呈現,EUROSTAT網站,
法國,2063,152,中推估,191.80,官方發布之資料為年初數，為利與我國比較，以次年年初數，當作本年年底數呈現,EUROSTAT網站,
法國,2064,153,中推估,192.60,官方發布之資料為年初數，為利與我國比較，以次年年初數，當作本年年底數呈現,EUROSTAT網站,
法國,2065,154,中推估,193.70,官方發布之資料為年初數，為利與我國比較，以次年年初數，當作本年年底數呈現,EUROSTAT網站,
法國,2066,155,中推估,194.70,官方發布之資料為年初數，為利與我國比較，以次年年初數，當作本年年底數呈現,EUROSTAT網站,
法國,2067,156,中推估,195.60,官方發布之資料為年初數，為利與我國比較，以次年年初數，當作本年年底數呈現,EUROSTAT網站,
法國,2068,157,中推估,196.50,官方發布之資料為年初數，為利與我國比較，以次年年初數，當作本年年底數呈現,EUROSTAT網站,
法國,2069,158,中推估,197.40,官方發布之資料為年初數，為利與我國比較，以次年年初數，當作本年年底數呈現,EUROSTAT網站,
法國,2070,159,中推估,198.30,官方發布之資料為年初數，為利與我國比較，以次年年初數，當作本年年底數呈現,EUROSTAT網站,
挪威,2025,114,中推估,123.10,官方發布之資料為年初數，為利與我國比較，以次年年初數，當作本年年底數呈現,EUROSTAT網站,
挪威,2026,115,中推估,126.90,官方發布之資料為年初數，為利與我國比較，以次年年初數，當作本年年底數呈現,EUROSTAT網站,
挪威,2027,116,中推估,130.60,官方發布之資料為年初數，為利與我國比較，以次年年初數，當作本年年底數呈現,EUROSTAT網站,
挪威,2028,117,中推估,134.00,官方發布之資料為年初數，為利與我國比較，以次年年初數，當作本年年底數呈現,EUROSTAT網站,
挪威,2029,118,中推估,137.70,官方發布之資料為年初數，為利與我國比較，以次年年初數，當作本年年底數呈現,EUROSTAT網站,
挪威,2030,119,中推估,141.30,官方發布之資料為年初數，為利與我國比較，以次年年初數，當作本年年底數呈現,EUROSTAT網站,
挪威,2031,120,中推估,145.00,官方發布之資料為年初數，為利與我國比較，以次年年初數，當作本年年底數呈現,EUROSTAT網站,
挪威,2032,121,中推估,148.10,官方發布之資料為年初數，為利與我國比較，以次年年初數，當作本年年底數呈現,EUROSTAT網站,
挪威,2033,122,中推估,151.00,官方發布之資料為年初數，為利與我國比較，以次年年初數，當作本年年底數呈現,EUROSTAT網站,
挪威,2034,123,中推估,153.80,官方發布之資料為年初數，為利與我國比較，以次年年初數，當作本年年底數呈現,EUROSTAT網站,
挪威,2035,124,中推估,155.90,官方發布之資料為年初數，為利與我國比較，以次年年初數，當作本年年底數呈現,EUROSTAT網站,
挪威,2036,125,中推估,158.60,官方發布之資料為年初數，為利與我國比較，以次年年初數，當作本年年底數呈現,EUROSTAT網站,
挪威,2037,126,中推估,160.40,官方發布之資料為年初數，為利與我國比較，以次年年初數，當作本年年底數呈現,EUROSTAT網站,
挪威,2038,127,中推估,162.00,官方發布之資料為年初數，為利與我國比較，以次年年初數，當作本年年底數呈現,EUROSTAT網站,
挪威,2039,128,中推估,163.50,官方發布之資料為年初數，為利與我國比較，以次年年初數，當作本年年底數呈現,EUROSTAT網站,
挪威,2040,129,中推估,164.70,官方發布之資料為年初數，為利與我國比較，以次年年初數，當作本年年底數呈現,EUROSTAT網站,
挪威,2041,130,中推估,165.50,官方發布之資料為年初數，為利與我國比較，以次年年初數，當作本年年底數呈現,EUROSTAT網站,
挪威,2042,131,中推估,166.20,官方發布之資料為年初數，為利與我國比較，以次年年初數，當作本年年底數呈現,EUROSTAT網站,
挪威,2043,132,中推估,167.10,官方發布之資料為年初數，為利與我國比較，以次年年初數，當作本年年底數呈現,EUROSTAT網站,
挪威,2044,133,中推估,168.10,官方發布之資料為年初數，為利與我國比較，以次年年初數，當作本年年底數呈現,EUROSTAT網站,
挪威,2045,134,中推估,169.30,官方發布之資料為年初數，為利與我國比較，以次年年初數，當作本年年底數呈現,EUROSTAT網站,
挪威,2046,135,中推估,170.40,官方發布之資料為年初數，為利與我國比較，以次年年初數，當作本年年底數呈現,EUROSTAT網站,
挪威,2047,136,中推估,171.80,官方發布之資料為年初數，為利與我國比較，以次年年初數，當作本年年底數呈現,EUROSTAT網站,
挪威,2048,137,中推估,173.30,官方發布之資料為年初數，為利與我國比較，以次年年初數，當作本年年底數呈現,EUROSTAT網站,
挪威,2049,138,中推估,174.90,官方發布之資料為年初數，為利與我國比較，以次年年初數，當作本年年底數呈現,EUROSTAT網站,
挪威,2050,139,中推估,176.70,官方發布之資料為年初數，為利與我國比較，以次年年初數，當作本年年底數呈現,EUROSTAT網站,
挪威,2051,140,中推估,178.80,官方發布之資料為年初數，為利與我國比較，以次年年初數，當作本年年底數呈現,EUROSTAT網站,
挪威,2052,141,中推估,181.00,官方發布之資料為年初數，為利與我國比較，以次年年初數，當作本年年底數呈現,EUROSTAT網站,
挪威,2053,142,中推估,183.60,官方發布之資料為年初數，為利與我國比較，以次年年初數，當作本年年底數呈現,EUROSTAT網站,
挪威,2054,143,中推估,186.40,官方發布之資料為年初數，為利與我國比較，以次年年初數，當作本年年底數呈現,EUROSTAT網站,
挪威,2055,144,中推估,189.30,官方發布之資料為年初數，為利與我國比較，以次年年初數，當作本年年底數呈現,EUROSTAT網站,
挪威,2056,145,中推估,192.10,官方發布之資料為年初數，為利與我國比較，以次年年初數，當作本年年底數呈現,EUROSTAT網站,
挪威,2057,146,中推估,194.80,官方發布之資料為年初數，為利與我國比較，以次年年初數，當作本年年底數呈現,EUROSTAT網站,
挪威,2058,147,中推估,197.30,官方發布之資料為年初數，為利與我國比較，以次年年初數，當作本年年底數呈現,EUROSTAT網站,
挪威,2059,148,中推估,199.70,官方發布之資料為年初數，為利與我國比較，以次年年初數，當作本年年底數呈現,EUROSTAT網站,
挪威,2060,149,中推估,202.10,官方發布之資料為年初數，為利與我國比較，以次年年初數，當作本年年底數呈現,EUROSTAT網站,
挪威,2061,150,中推估,204.40,官方發布之資料為年初數，為利與我國比較，以次年年初數，當作本年年底數呈現,EUROSTAT網站,
挪威,2062,151,中推估,206.50,官方發布之資料為年初數，為利與我國比較，以次年年初數，當作本年年底數呈現,EUROSTAT網站,
挪威,2063,152,中推估,208.30,官方發布之資料為年初數，為利與我國比較，以次年年初數，當作本年年底數呈現,EUROSTAT網站,
挪威,2064,153,中推估,210.20,官方發布之資料為年初數，為利與我國比較，以次年年初數，當作本年年底數呈現,EUROSTAT網站,
挪威,2065,154,中推估,211.90,官方發布之資料為年初數，為利與我國比較，以次年年初數，當作本年年底數呈現,EUROSTAT網站,
挪威,2066,155,中推估,213.40,官方發布之資料為年初數，為利與我國比較，以次年年初數，當作本年年底數呈現,EUROSTAT網站,
挪威,2067,156,中推估,214.60,官方發布之資料為年初數，為利與我國比較，以次年年初數，當作本年年底數呈現,EUROSTAT網站,
挪威,2068,157,中推估,215.90,官方發布之資料為年初數，為利與我國比較，以次年年初數，當作本年年底數呈現,EUROSTAT網站,
挪威,2069,158,中推估,217.20,官方發布之資料為年初數，為利與我國比較，以次年年初數，當作本年年底數呈現,EUROSTAT網站,
挪威,2070,159,中推估,218.50,官方發布之資料為年初數，為利與我國比較，以次年年初數，當作本年年底數呈現,EUROSTAT網站,
瑞典,2025,114,中推估,120.50,官方發布之資料為年初數，為利與我國比較，以次年年初數，當作本年年底數呈現,EUROSTAT網站,
瑞典,2026,115,中推估,121.80,官方發布之資料為年初數，為利與我國比較，以次年年初數，當作本年年底數呈現,EUROSTAT網站,
瑞典,2027,116,中推估,123.40,官方發布之資料為年初數，為利與我國比較，以次年年初數，當作本年年底數呈現,EUROSTAT網站,
瑞典,2028,117,中推估,125.30,官方發布之資料為年初數，為利與我國比較，以次年年初數，當作本年年底數呈現,EUROSTAT網站,
瑞典,2029,118,中推估,127.80,官方發布之資料為年初數，為利與我國比較，以次年年初數，當作本年年底數呈現,EUROSTAT網站,
瑞典,2030,119,中推估,130.20,官方發布之資料為年初數，為利與我國比較，以次年年初數，當作本年年底數呈現,EUROSTAT網站,
瑞典,2031,120,中推估,132.70,官方發布之資料為年初數，為利與我國比較，以次年年初數，當作本年年底數呈現,EUROSTAT網站,
瑞典,2032,121,中推估,134.90,官方發布之資料為年初數，為利與我國比較，以次年年初數，當作本年年底數呈現,EUROSTAT網站,
瑞典,2033,122,中推估,136.60,官方發布之資料為年初數，為利與我國比較，以次年年初數，當作本年年底數呈現,EUROSTAT網站,
瑞典,2034,123,中推估,137.80,官方發布之資料為年初數，為利與我國比較，以次年年初數，當作本年年底數呈現,EUROSTAT網站,
瑞典,2035,124,中推估,138.90,官方發布之資料為年初數，為利與我國比較，以次年年初數，當作本年年底數呈現,EUROSTAT網站,
瑞典,2036,125,中推估,140.20,官方發布之資料為年初數，為利與我國比較，以次年年初數，當作本年年底數呈現,EUROSTAT網站,
瑞典,2037,126,中推估,140.60,官方發布之資料為年初數，為利與我國比較，以次年年初數，當作本年年底數呈現,EUROSTAT網站,
瑞典,2038,127,中推估,141.60,官方發布之資料為年初數，為利與我國比較，以次年年初數，當作本年年底數呈現,EUROSTAT網站,
瑞典,2039,128,中推估,142.70,官方發布之資料為年初數，為利與我國比較，以次年年初數，當作本年年底數呈現,EUROSTAT網站,
瑞典,2040,129,中推估,143.40,官方發布之資料為年初數，為利與我國比較，以次年年初數，當作本年年底數呈現,EUROSTAT網站,
瑞典,2041,130,中推估,143.70,官方發布之資料為年初數，為利與我國比較，以次年年初數，當作本年年底數呈現,EUROSTAT網站,
瑞典,2042,131,中推估,143.90,官方發布之資料為年初數，為利與我國比較，以次年年初數，當作本年年底數呈現,EUROSTAT網站,
瑞典,2043,132,中推估,144.00,官方發布之資料為年初數，為利與我國比較，以次年年初數，當作本年年底數呈現,EUROSTAT網站,
瑞典,2044,133,中推估,144.20,官方發布之資料為年初數，為利與我國比較，以次年年初數，當作本年年底數呈現,EUROSTAT網站,
瑞典,2045,134,中推估,144.70,官方發布之資料為年初數，為利與我國比較，以次年年初數，當作本年年底數呈現,EUROSTAT網站,
瑞典,2046,135,中推估,144.90,官方發布之資料為年初數，為利與我國比較，以次年年初數，當作本年年底數呈現,EUROSTAT網站,
瑞典,2047,136,中推估,145.30,官方發布之資料為年初數，為利與我國比較，以次年年初數，當作本年年底數呈現,EUROSTAT網站,
瑞典,2048,137,中推估,145.70,官方發布之資料為年初數，為利與我國比較，以次年年初數，當作本年年底數呈現,EUROSTAT網站,
瑞典,2049,138,中推估,146.40,官方發布之資料為年初數，為利與我國比較，以次年年初數，當作本年年底數呈現,EUROSTAT網站,
瑞典,2050,139,中推估,147.40,官方發布之資料為年初數，為利與我國比較，以次年年初數，當作本年年底數呈現,EUROSTAT網站,
瑞典,2051,140,中推估,148.70,官方發布之資料為年初數，為利與我國比較，以次年年初數，當作本年年底數呈現,EUROSTAT網站,
瑞典,2052,141,中推估,150.20,官方發布之資料為年初數，為利與我國比較，以次年年初數，當作本年年底數呈現,EUROSTAT網站,
瑞典,2053,142,中推估,152.10,官方發布之資料為年初數，為利與我國比較，以次年年初數，當作本年年底數呈現,EUROSTAT網站,
瑞典,2054,143,中推估,154.30,官方發布之資料為年初數，為利與我國比較，以次年年初數，當作本年年底數呈現,EUROSTAT網站,
瑞典,2055,144,中推估,156.90,官方發布之資料為年初數，為利與我國比較，以次年年初數，當作本年年底數呈現,EUROSTAT網站,
瑞典,2056,145,中推估,159.50,官方發布之資料為年初數，為利與我國比較，以次年年初數，當作本年年底數呈現,EUROSTAT網站,
瑞典,2057,146,中推估,162.00,官方發布之資料為年初數，為利與我國比較，以次年年初數，當作本年年底數呈現,EUROSTAT網站,
瑞典,2058,147,中推估,164.30,官方發布之資料為年初數，為利與我國比較，以次年年初數，當作本年年底數呈現,EUROSTAT網站,
瑞典,2059,148,中推估,166.40,官方發布之資料為年初數，為利與我國比較，以次年年初數，當作本年年底數呈現,EUROSTAT網站,
瑞典,2060,149,中推估,168.20,官方發布之資料為年初數，為利與我國比較，以次年年初數，當作本年年底數呈現,EUROSTAT網站,
瑞典,2061,150,中推估,169.50,官方發布之資料為年初數，為利與我國比較，以次年年初數，當作本年年底數呈現,EUROSTAT網站,
瑞典,2062,151,中推估,170.70,官方發布之資料為年初數，為利與我國比較，以次年年初數，當作本年年底數呈現,EUROSTAT網站,
瑞典,2063,152,中推估,171.90,官方發布之資料為年初數，為利與我國比較，以次年年初數，當作本年年底數呈現,EUROSTAT網站,
瑞典,2064,153,中推估,173.30,官方發布之資料為年初數，為利與我國比較，以次年年初數，當作本年年底數呈現,EUROSTAT網站,
瑞典,2065,154,中推估,174.40,官方發布之資料為年初數，為利與我國比較，以次年年初數，當作本年年底數呈現,EUROSTAT網站,
瑞典,2066,155,中推估,175.40,官方發布之資料為年初數，為利與我國比較，以次年年初數，當作本年年底數呈現,EUROSTAT網站,
瑞典,2067,156,中推估,176.50,官方發布之資料為年初數，為利與我國比較，以次年年初數，當作本年年底數呈現,EUROSTAT網站,
瑞典,2068,157,中推估,177.70,官方發布之資料為年初數，為利與我國比較，以次年年初數，當作本年年底數呈現,EUROSTAT網站,
瑞典,2069,158,中推估,178.90,官方發布之資料為年初數，為利與我國比較，以次年年初數，當作本年年底數呈現,EUROSTAT網站,
瑞典,2070,159,中推估,180.20,官方發布之資料為年初數，為利與我國比較，以次年年初數，當作本年年底數呈現,EUROSTAT網站,
荷蘭,2025,114,中推估,140.70,官方發布之資料為年初數，為利與我國比較，以次年年初數，當作本年年底數呈現,EUROSTAT網站,
荷蘭,2026,115,中推估,143.70,官方發布之資料為年初數，為利與我國比較，以次年年初數，當作本年年底數呈現,EUROSTAT網站,
荷蘭,2027,116,中推估,146.60,官方發布之資料為年初數，為利與我國比較，以次年年初數，當作本年年底數呈現,EUROSTAT網站,
荷蘭,2028,117,中推估,149.20,官方發布之資料為年初數，為利與我國比較，以次年年初數，當作本年年底數呈現,EUROSTAT網站,
荷蘭,2029,118,中推估,152.10,官方發布之資料為年初數，為利與我國比較，以次年年初數，當作本年年底數呈現,EUROSTAT網站,
荷蘭,2030,119,中推估,154.30,官方發布之資料為年初數，為利與我國比較，以次年年初數，當作本年年底數呈現,EUROSTAT網站,
荷蘭,2031,120,中推估,156.40,官方發布之資料為年初數，為利與我國比較，以次年年初數，當作本年年底數呈現,EUROSTAT網站,
荷蘭,2032,121,中推估,158.10,官方發布之資料為年初數，為利與我國比較，以次年年初數，當作本年年底數呈現,EUROSTAT網站,
荷蘭,2033,122,中推估,159.70,官方發布之資料為年初數，為利與我國比較，以次年年初數，當作本年年底數呈現,EUROSTAT網站,
荷蘭,2034,123,中推估,161.60,官方發布之資料為年初數，為利與我國比較，以次年年初數，當作本年年底數呈現,EUROSTAT網站,
荷蘭,2035,124,中推估,163.30,官方發布之資料為年初數，為利與我國比較，以次年年初數，當作本年年底數呈現,EUROSTAT網站,
荷蘭,2036,125,中推估,165.20,官方發布之資料為年初數，為利與我國比較，以次年年初數，當作本年年底數呈現,EUROSTAT網站,
荷蘭,2037,126,中推估,166.00,官方發布之資料為年初數，為利與我國比較，以次年年初數，當作本年年底數呈現,EUROSTAT網站,
荷蘭,2038,127,中推估,166.70,官方發布之資料為年初數，為利與我國比較，以次年年初數，當作本年年底數呈現,EUROSTAT網站,
荷蘭,2039,128,中推估,167.40,官方發布之資料為年初數，為利與我國比較，以次年年初數，當作本年年底數呈現,EUROSTAT網站,
荷蘭,2040,129,中推估,167.90,官方發布之資料為年初數，為利與我國比較，以次年年初數，當作本年年底數呈現,EUROSTAT網站,
荷蘭,2041,130,中推估,168.60,官方發布之資料為年初數，為利與我國比較，以次年年初數，當作本年年底數呈現,EUROSTAT網站,
荷蘭,2042,131,中推估,169.30,官方發布之資料為年初數，為利與我國比較，以次年年初數，當作本年年底數呈現,EUROSTAT網站,
荷蘭,2043,132,中推估,170.20,官方發布之資料為年初數，為利與我國比較，以次年年初數，當作本年年底數呈現,EUROSTAT網站,
荷蘭,2044,133,中推估,171.20,官方發布之資料為年初數，為利與我國比較，以次年年初數，當作本年年底數呈現,EUROSTAT網站,
荷蘭,2045,134,中推估,172.60,官方發布之資料為年初數，為利與我國比較，以次年年初數，當作本年年底數呈現,EUROSTAT網站,
荷蘭,2046,135,中推估,173.90,官方發布之資料為年初數，為利與我國比較，以次年年初數，當作本年年底數呈現,EUROSTAT網站,
荷蘭,2047,136,中推估,175.20,官方發布之資料為年初數，為利與我國比較，以次年年初數，當作本年年底數呈現,EUROSTAT網站,
荷蘭,2048,137,中推估,176.50,官方發布之資料為年初數，為利與我國比較，以次年年初數，當作本年年底數呈現,EUROSTAT網站,
荷蘭,2049,138,中推估,178.00,官方發布之資料為年初數，為利與我國比較，以次年年初數，當作本年年底數呈現,EUROSTAT網站,
荷蘭,2050,139,中推估,179.60,官方發布之資料為年初數，為利與我國比較，以次年年初數，當作本年年底數呈現,EUROSTAT網站,
荷蘭,2051,140,中推估,181.40,官方發布之資料為年初數，為利與我國比較，以次年年初數，當作本年年底數呈現,EUROSTAT網站,
荷蘭,2052,141,中推估,183.00,官方發布之資料為年初數，為利與我國比較，以次年年初數，當作本年年底數呈現,EUROSTAT網站,
荷蘭,2053,142,中推估,184.70,官方發布之資料為年初數，為利與我國比較，以次年年初數，當作本年年底數呈現,EUROSTAT網站,
荷蘭,2054,143,中推估,186.30,官方發布之資料為年初數，為利與我國比較，以次年年初數，當作本年年底數呈現,EUROSTAT網站,
荷蘭,2055,144,中推估,188.10,官方發布之資料為年初數，為利與我國比較，以次年年初數，當作本年年底數呈現,EUROSTAT網站,
荷蘭,2056,145,中推估,189.80,官方發布之資料為年初數，為利與我國比較，以次年年初數，當作本年年底數呈現,EUROSTAT網站,
荷蘭,2057,146,中推估,191.30,官方發布之資料為年初數，為利與我國比較，以次年年初數，當作本年年底數呈現,EUROSTAT網站,
荷蘭,2058,147,中推估,192.70,官方發布之資料為年初數，為利與我國比較，以次年年初數，當作本年年底數呈現,EUROSTAT網站,
荷蘭,2059,148,中推估,194.00,官方發布之資料為年初數，為利與我國比較，以次年年初數，當作本年年底數呈現,EUROSTAT網站,
荷蘭,2060,149,中推估,195.10,官方發布之資料為年初數，為利與我國比較，以次年年初數，當作本年年底數呈現,EUROSTAT網站,
荷蘭,2061,150,中推估,196.10,官方發布之資料為年初數，為利與我國比較，以次年年初數，當作本年年底數呈現,EUROSTAT網站,
荷蘭,2062,151,中推估,197.20,官方發布之資料為年初數，為利與我國比較，以次年年初數，當作本年年底數呈現,EUROSTAT網站,
荷蘭,2063,152,中推估,198.60,官方發布之資料為年初數，為利與我國比較，以次年年初數，當作本年年底數呈現,EUROSTAT網站,
荷蘭,2064,153,中推估,200.10,官方發布之資料為年初數，為利與我國比較，以次年年初數，當作本年年底數呈現,EUROSTAT網站,
荷蘭,2065,154,中推估,201.80,官方發布之資料為年初數，為利與我國比較，以次年年初數，當作本年年底數呈現,EUROSTAT網站,
荷蘭,2066,155,中推估,203.50,官方發布之資料為年初數，為利與我國比較，以次年年初數，當作本年年底數呈現,EUROSTAT網站,
荷蘭,2067,156,中推估,205.30,官方發布之資料為年初數，為利與我國比較，以次年年初數，當作本年年底數呈現,EUROSTAT網站,
荷蘭,2068,157,中推估,207.10,官方發布之資料為年初數，為利與我國比較，以次年年初數，當作本年年底數呈現,EUROSTAT網站,
荷蘭,2069,158,中推估,208.60,官方發布之資料為年初數，為利與我國比較，以次年年初數，當作本年年底數呈現,EUROSTAT網站,
荷蘭,2070,159,中推估,210.00,官方發布之資料為年初數，為利與我國比較，以次年年初數，當作本年年底數呈現,EUROSTAT網站,
芬蘭,2025,114,中推估,165.30,官方發布之資料為年初數，為利與我國比較，以次年年初數，當作本年年底數呈現,EUROSTAT網站,
芬蘭,2026,115,中推估,170.20,官方發布之資料為年初數，為利與我國比較，以次年年初數，當作本年年底數呈現,EUROSTAT網站,
芬蘭,2027,116,中推估,175.30,官方發布之資料為年初數，為利與我國比較，以次年年初數，當作本年年底數呈現,EUROSTAT網站,
芬蘭,2028,117,中推估,180.30,官方發布之資料為年初數，為利與我國比較，以次年年初數，當作本年年底數呈現,EUROSTAT網站,
芬蘭,2029,118,中推估,185.00,官方發布之資料為年初數，為利與我國比較，以次年年初數，當作本年年底數呈現,EUROSTAT網站,
芬蘭,2030,119,中推估,189.10,官方發布之資料為年初數，為利與我國比較，以次年年初數，當作本年年底數呈現,EUROSTAT網站,
芬蘭,2031,120,中推估,192.60,官方發布之資料為年初數，為利與我國比較，以次年年初數，當作本年年底數呈現,EUROSTAT網站,
芬蘭,2032,121,中推估,195.20,官方發布之資料為年初數，為利與我國比較，以次年年初數，當作本年年底數呈現,EUROSTAT網站,
芬蘭,2033,122,中推估,196.80,官方發布之資料為年初數，為利與我國比較，以次年年初數，當作本年年底數呈現,EUROSTAT網站,
芬蘭,2034,123,中推估,197.10,官方發布之資料為年初數，為利與我國比較，以次年年初數，當作本年年底數呈現,EUROSTAT網站,
芬蘭,2035,124,中推估,197.30,官方發布之資料為年初數，為利與我國比較，以次年年初數，當作本年年底數呈現,EUROSTAT網站,
芬蘭,2036,125,中推估,198.10,官方發布之資料為年初數，為利與我國比較，以次年年初數，當作本年年底數呈現,EUROSTAT網站,
芬蘭,2037,126,中推估,197.40,官方發布之資料為年初數，為利與我國比較，以次年年初數，當作本年年底數呈現,EUROSTAT網站,
芬蘭,2038,127,中推估,197.10,官方發布之資料為年初數，為利與我國比較，以次年年初數，當作本年年底數呈現,EUROSTAT網站,
芬蘭,2039,128,中推估,197.40,官方發布之資料為年初數，為利與我國比較，以次年年初數，當作本年年底數呈現,EUROSTAT網站,
芬蘭,2040,129,中推估,198.10,官方發布之資料為年初數，為利與我國比較，以次年年初數，當作本年年底數呈現,EUROSTAT網站,
芬蘭,2041,130,中推估,199.00,官方發布之資料為年初數，為利與我國比較，以次年年初數，當作本年年底數呈現,EUROSTAT網站,
芬蘭,2042,131,中推估,199.80,官方發布之資料為年初數，為利與我國比較，以次年年初數，當作本年年底數呈現,EUROSTAT網站,
芬蘭,2043,132,中推估,200.60,官方發布之資料為年初數，為利與我國比較，以次年年初數，當作本年年底數呈現,EUROSTAT網站,
芬蘭,2044,133,中推估,201.50,官方發布之資料為年初數，為利與我國比較，以次年年初數，當作本年年底數呈現,EUROSTAT網站,
芬蘭,2045,134,中推估,202.50,官方發布之資料為年初數，為利與我國比較，以次年年初數，當作本年年底數呈現,EUROSTAT網站,
芬蘭,2046,135,中推估,203.80,官方發布之資料為年初數，為利與我國比較，以次年年初數，當作本年年底數呈現,EUROSTAT網站,
芬蘭,2047,136,中推估,205.70,官方發布之資料為年初數，為利與我國比較，以次年年初數，當作本年年底數呈現,EUROSTAT網站,
芬蘭,2048,137,中推估,207.90,官方發布之資料為年初數，為利與我國比較，以次年年初數，當作本年年底數呈現,EUROSTAT網站,
芬蘭,2049,138,中推估,210.20,官方發布之資料為年初數，為利與我國比較，以次年年初數，當作本年年底數呈現,EUROSTAT網站,
芬蘭,2050,139,中推估,212.60,官方發布之資料為年初數，為利與我國比較，以次年年初數，當作本年年底數呈現,EUROSTAT網站,
芬蘭,2051,140,中推估,214.90,官方發布之資料為年初數，為利與我國比較，以次年年初數，當作本年年底數呈現,EUROSTAT網站,
芬蘭,2052,141,中推估,217.40,官方發布之資料為年初數，為利與我國比較，以次年年初數，當作本年年底數呈現,EUROSTAT網站,
芬蘭,2053,142,中推估,220.60,官方發布之資料為年初數，為利與我國比較，以次年年初數，當作本年年底數呈現,EUROSTAT網站,
芬蘭,2054,143,中推估,224.00,官方發布之資料為年初數，為利與我國比較，以次年年初數，當作本年年底數呈現,EUROSTAT網站,
芬蘭,2055,144,中推估,227.80,官方發布之資料為年初數，為利與我國比較，以次年年初數，當作本年年底數呈現,EUROSTAT網站,
芬蘭,2056,145,中推估,231.70,官方發布之資料為年初數，為利與我國比較，以次年年初數，當作本年年底數呈現,EUROSTAT網站,
芬蘭,2057,146,中推估,235.80,官方發布之資料為年初數，為利與我國比較，以次年年初數，當作本年年底數呈現,EUROSTAT網站,
芬蘭,2058,147,中推估,239.60,官方發布之資料為年初數，為利與我國比較，以次年年初數，當作本年年底數呈現,EUROSTAT網站,
芬蘭,2059,148,中推估,243.50,官方發布之資料為年初數，為利與我國比較，以次年年初數，當作本年年底數呈現,EUROSTAT網站,
芬蘭,2060,149,中推估,247.00,官方發布之資料為年初數，為利與我國比較，以次年年初數，當作本年年底數呈現,EUROSTAT網站,
芬蘭,2061,150,中推估,250.20,官方發布之資料為年初數，為利與我國比較，以次年年初數，當作本年年底數呈現,EUROSTAT網站,
芬蘭,2062,151,中推估,253.00,官方發布之資料為年初數，為利與我國比較，以次年年初數，當作本年年底數呈現,EUROSTAT網站,
芬蘭,2063,152,中推估,255.30,官方發布之資料為年初數，為利與我國比較，以次年年初數，當作本年年底數呈現,EUROSTAT網站,
芬蘭,2064,153,中推估,257.70,官方發布之資料為年初數，為利與我國比較，以次年年初數，當作本年年底數呈現,EUROSTAT網站,
芬蘭,2065,154,中推估,259.60,官方發布之資料為年初數，為利與我國比較，以次年年初數，當作本年年底數呈現,EUROSTAT網站,
芬蘭,2066,155,中推估,261.30,官方發布之資料為年初數，為利與我國比較，以次年年初數，當作本年年底數呈現,EUROSTAT網站,
芬蘭,2067,156,中推估,262.70,官方發布之資料為年初數，為利與我國比較，以次年年初數，當作本年年底數呈現,EUROSTAT網站,
芬蘭,2068,157,中推估,264.20,官方發布之資料為年初數，為利與我國比較，以次年年初數，當作本年年底數呈現,EUROSTAT網站,
芬蘭,2069,158,中推估,265.60,官方發布之資料為年初數，為利與我國比較，以次年年初數，當作本年年底數呈現,EUROSTAT網站,
芬蘭,2070,159,中推估,267.00,官方發布之資料為年初數，為利與我國比較，以次年年初數，當作本年年底數呈現,EUROSTAT網站,
奧地利,2025,114,中推估,142.70,官方發布之資料為年初數，為利與我國比較，以次年年初數，當作本年年底數呈現,EUROSTAT網站,
奧地利,2026,115,中推估,146.30,官方發布之資料為年初數，為利與我國比較，以次年年初數，當作本年年底數呈現,EUROSTAT網站,
奧地利,2027,116,中推估,150.30,官方發布之資料為年初數，為利與我國比較，以次年年初數，當作本年年底數呈現,EUROSTAT網站,
奧地利,2028,117,中推估,154.50,官方發布之資料為年初數，為利與我國比較，以次年年初數，當作本年年底數呈現,EUROSTAT網站,
奧地利,2029,118,中推估,159.00,官方發布之資料為年初數，為利與我國比較，以次年年初數，當作本年年底數呈現,EUROSTAT網站,
奧地利,2030,119,中推估,163.50,官方發布之資料為年初數，為利與我國比較，以次年年初數，當作本年年底數呈現,EUROSTAT網站,
奧地利,2031,120,中推估,168.30,官方發布之資料為年初數，為利與我國比較，以次年年初數，當作本年年底數呈現,EUROSTAT網站,
奧地利,2032,121,中推估,173.00,官方發布之資料為年初數，為利與我國比較，以次年年初數，當作本年年底數呈現,EUROSTAT網站,
奧地利,2033,122,中推估,177.60,官方發布之資料為年初數，為利與我國比較，以次年年初數，當作本年年底數呈現,EUROSTAT網站,
奧地利,2034,123,中推估,181.60,官方發布之資料為年初數，為利與我國比較，以次年年初數，當作本年年底數呈現,EUROSTAT網站,
奧地利,2035,124,中推估,184.90,官方發布之資料為年初數，為利與我國比較，以次年年初數，當作本年年底數呈現,EUROSTAT網站,
奧地利,2036,125,中推估,188.10,官方發布之資料為年初數，為利與我國比較，以次年年初數，當作本年年底數呈現,EUROSTAT網站,
奧地利,2037,126,中推估,190.90,官方發布之資料為年初數，為利與我國比較，以次年年初數，當作本年年底數呈現,EUROSTAT網站,
奧地利,2038,127,中推估,193.20,官方發布之資料為年初數，為利與我國比較，以次年年初數，當作本年年底數呈現,EUROSTAT網站,
奧地利,2039,128,中推估,195.50,官方發布之資料為年初數，為利與我國比較，以次年年初數，當作本年年底數呈現,EUROSTAT網站,
奧地利,2040,129,中推估,197.40,官方發布之資料為年初數，為利與我國比較，以次年年初數，當作本年年底數呈現,EUROSTAT網站,
奧地利,2041,130,中推估,198.90,官方發布之資料為年初數，為利與我國比較，以次年年初數，當作本年年底數呈現,EUROSTAT網站,
奧地利,2042,131,中推估,200.10,官方發布之資料為年初數，為利與我國比較，以次年年初數，當作本年年底數呈現,EUROSTAT網站,
奧地利,2043,132,中推估,201.30,官方發布之資料為年初數，為利與我國比較，以次年年初數，當作本年年底數呈現,EUROSTAT網站,
奧地利,2044,133,中推估,202.40,官方發布之資料為年初數，為利與我國比較，以次年年初數，當作本年年底數呈現,EUROSTAT網站,
奧地利,2045,134,中推估,203.80,官方發布之資料為年初數，為利與我國比較，以次年年初數，當作本年年底數呈現,EUROSTAT網站,
奧地利,2046,135,中推估,205.20,官方發布之資料為年初數，為利與我國比較，以次年年初數，當作本年年底數呈現,EUROSTAT網站,
奧地利,2047,136,中推估,206.60,官方發布之資料為年初數，為利與我國比較，以次年年初數，當作本年年底數呈現,EUROSTAT網站,
奧地利,2048,137,中推估,207.60,官方發布之資料為年初數，為利與我國比較，以次年年初數，當作本年年底數呈現,EUROSTAT網站,
奧地利,2049,138,中推估,208.60,官方發布之資料為年初數，為利與我國比較，以次年年初數，當作本年年底數呈現,EUROSTAT網站,
奧地利,2050,139,中推估,209.40,官方發布之資料為年初數，為利與我國比較，以次年年初數，當作本年年底數呈現,EUROSTAT網站,
奧地利,2051,140,中推估,210.20,官方發布之資料為年初數，為利與我國比較，以次年年初數，當作本年年底數呈現,EUROSTAT網站,
奧地利,2052,141,中推估,210.90,官方發布之資料為年初數，為利與我國比較，以次年年初數，當作本年年底數呈現,EUROSTAT網站,
奧地利,2053,142,中推估,211.90,官方發布之資料為年初數，為利與我國比較，以次年年初數，當作本年年底數呈現,EUROSTAT網站,
奧地利,2054,143,中推估,212.80,官方發布之資料為年初數，為利與我國比較，以次年年初數，當作本年年底數呈現,EUROSTAT網站,
奧地利,2055,144,中推估,213.80,官方發布之資料為年初數，為利與我國比較，以次年年初數，當作本年年底數呈現,EUROSTAT網站,
奧地利,2056,145,中推估,214.90,官方發布之資料為年初數，為利與我國比較，以次年年初數，當作本年年底數呈現,EUROSTAT網站,
奧地利,2057,146,中推估,216.00,官方發布之資料為年初數，為利與我國比較，以次年年初數，當作本年年底數呈現,EUROSTAT網站,
奧地利,2058,147,中推估,217.10,官方發布之資料為年初數，為利與我國比較，以次年年初數，當作本年年底數呈現,EUROSTAT網站,
奧地利,2059,148,中推估,218.10,官方發布之資料為年初數，為利與我國比較，以次年年初數，當作本年年底數呈現,EUROSTAT網站,
奧地利,2060,149,中推估,219.00,官方發布之資料為年初數，為利與我國比較，以次年年初數，當作本年年底數呈現,EUROSTAT網站,
奧地利,2061,150,中推估,220.10,官方發布之資料為年初數，為利與我國比較，以次年年初數，當作本年年底數呈現,EUROSTAT網站,
奧地利,2062,151,中推估,221.10,官方發布之資料為年初數，為利與我國比較，以次年年初數，當作本年年底數呈現,EUROSTAT網站,
奧地利,2063,152,中推估,222.00,官方發布之資料為年初數，為利與我國比較，以次年年初數，當作本年年底數呈現,EUROSTAT網站,
奧地利,2064,153,中推估,222.70,官方發布之資料為年初數，為利與我國比較，以次年年初數，當作本年年底數呈現,EUROSTAT網站,
奧地利,2065,154,中推估,223.70,官方發布之資料為年初數，為利與我國比較，以次年年初數，當作本年年底數呈現,EUROSTAT網站,
奧地利,2066,155,中推估,224.40,官方發布之資料為年初數，為利與我國比較，以次年年初數，當作本年年底數呈現,EUROSTAT網站,
奧地利,2067,156,中推估,225.40,官方發布之資料為年初數，為利與我國比較，以次年年初數，當作本年年底數呈現,EUROSTAT網站,
奧地利,2068,157,中推估,226.30,官方發布之資料為年初數，為利與我國比較，以次年年初數，當作本年年底數呈現,EUROSTAT網站,
奧地利,2069,158,中推估,227.40,官方發布之資料為年初數，為利與我國比較，以次年年初數，當作本年年底數呈現,EUROSTAT網站,
奧地利,2070,159,中推估,228.50,官方發布之資料為年初數，為利與我國比較，以次年年初數，當作本年年底數呈現,EUROSTAT網站,
義大利,2025,114,中推估,214.20,官方發布之資料為年初數，為利與我國比較，以次年年初數，當作本年年底數呈現,EUROSTAT網站,
義大利,2026,115,中推估,222.10,官方發布之資料為年初數，為利與我國比較，以次年年初數，當作本年年底數呈現,EUROSTAT網站,
義大利,2027,116,中推估,230.10,官方發布之資料為年初數，為利與我國比較，以次年年初數，當作本年年底數呈現,EUROSTAT網站,
義大利,2028,117,中推估,238.00,官方發布之資料為年初數，為利與我國比較，以次年年初數，當作本年年底數呈現,EUROSTAT網站,
義大利,2029,118,中推估,246.50,官方發布之資料為年初數，為利與我國比較，以次年年初數，當作本年年底數呈現,EUROSTAT網站,
義大利,2030,119,中推估,254.50,官方發布之資料為年初數，為利與我國比較，以次年年初數，當作本年年底數呈現,EUROSTAT網站,
義大利,2031,120,中推估,262.00,官方發布之資料為年初數，為利與我國比較，以次年年初數，當作本年年底數呈現,EUROSTAT網站,
義大利,2032,121,中推估,268.80,官方發布之資料為年初數，為利與我國比較，以次年年初數，當作本年年底數呈現,EUROSTAT網站,
義大利,2033,122,中推估,274.60,官方發布之資料為年初數，為利與我國比較，以次年年初數，當作本年年底數呈現,EUROSTAT網站,
義大利,2034,123,中推估,279.60,官方發布之資料為年初數，為利與我國比較，以次年年初數，當作本年年底數呈現,EUROSTAT網站,
義大利,2035,124,中推估,283.40,官方發布之資料為年初數，為利與我國比較，以次年年初數，當作本年年底數呈現,EUROSTAT網站,
義大利,2036,125,中推估,286.90,官方發布之資料為年初數，為利與我國比較，以次年年初數，當作本年年底數呈現,EUROSTAT網站,
義大利,2037,126,中推估,289.80,官方發布之資料為年初數，為利與我國比較，以次年年初數，當作本年年底數呈現,EUROSTAT網站,
義大利,2038,127,中推估,292.20,官方發布之資料為年初數，為利與我國比較，以次年年初數，當作本年年底數呈現,EUROSTAT網站,
義大利,2039,128,中推估,294.60,官方發布之資料為年初數，為利與我國比較，以次年年初數，當作本年年底數呈現,EUROSTAT網站,
義大利,2040,129,中推估,296.40,官方發布之資料為年初數，為利與我國比較，以次年年初數，當作本年年底數呈現,EUROSTAT網站,
義大利,2041,130,中推估,297.60,官方發布之資料為年初數，為利與我國比較，以次年年初數，當作本年年底數呈現,EUROSTAT網站,
義大利,2042,131,中推估,298.40,官方發布之資料為年初數，為利與我國比較，以次年年初數，當作本年年底數呈現,EUROSTAT網站,
義大利,2043,132,中推估,299.00,官方發布之資料為年初數，為利與我國比較，以次年年初數，當作本年年底數呈現,EUROSTAT網站,
義大利,2044,133,中推估,299.10,官方發布之資料為年初數，為利與我國比較，以次年年初數，當作本年年底數呈現,EUROSTAT網站,
義大利,2045,134,中推估,299.20,官方發布之資料為年初數，為利與我國比較，以次年年初數，當作本年年底數呈現,EUROSTAT網站,
義大利,2046,135,中推估,299.20,官方發布之資料為年初數，為利與我國比較，以次年年初數，當作本年年底數呈現,EUROSTAT網站,
義大利,2047,136,中推估,299.50,官方發布之資料為年初數，為利與我國比較，以次年年初數，當作本年年底數呈現,EUROSTAT網站,
義大利,2048,137,中推估,299.80,官方發布之資料為年初數，為利與我國比較，以次年年初數，當作本年年底數呈現,EUROSTAT網站,
義大利,2049,138,中推估,300.20,官方發布之資料為年初數，為利與我國比較，以次年年初數，當作本年年底數呈現,EUROSTAT網站,
義大利,2050,139,中推估,300.70,官方發布之資料為年初數，為利與我國比較，以次年年初數，當作本年年底數呈現,EUROSTAT網站,
義大利,2051,140,中推估,301.20,官方發布之資料為年初數，為利與我國比較，以次年年初數，當作本年年底數呈現,EUROSTAT網站,
義大利,2052,141,中推估,302.00,官方發布之資料為年初數，為利與我國比較，以次年年初數，當作本年年底數呈現,EUROSTAT網站,
義大利,2053,142,中推估,303.10,官方發布之資料為年初數，為利與我國比較，以次年年初數，當作本年年底數呈現,EUROSTAT網站,
義大利,2054,143,中推估,304.20,官方發布之資料為年初數，為利與我國比較，以次年年初數，當作本年年底數呈現,EUROSTAT網站,
義大利,2055,144,中推估,305.50,官方發布之資料為年初數，為利與我國比較，以次年年初數，當作本年年底數呈現,EUROSTAT網站,
義大利,2056,145,中推估,306.70,官方發布之資料為年初數，為利與我國比較，以次年年初數，當作本年年底數呈現,EUROSTAT網站,
義大利,2057,146,中推估,307.90,官方發布之資料為年初數，為利與我國比較，以次年年初數，當作本年年底數呈現,EUROSTAT網站,
義大利,2058,147,中推估,308.80,官方發布之資料為年初數，為利與我國比較，以次年年初數，當作本年年底數呈現,EUROSTAT網站,
義大利,2059,148,中推估,309.40,官方發布之資料為年初數，為利與我國比較，以次年年初數，當作本年年底數呈現,EUROSTAT網站,
義大利,2060,149,中推估,309.90,官方發布之資料為年初數，為利與我國比較，以次年年初數，當作本年年底數呈現,EUROSTAT網站,
義大利,2061,150,中推估,310.30,官方發布之資料為年初數，為利與我國比較，以次年年初數，當作本年年底數呈現,EUROSTAT網站,
義大利,2062,151,中推估,310.60,官方發布之資料為年初數，為利與我國比較，以次年年初數，當作本年年底數呈現,EUROSTAT網站,
義大利,2063,152,中推估,310.70,官方發布之資料為年初數，為利與我國比較，以次年年初數，當作本年年底數呈現,EUROSTAT網站,
義大利,2064,153,中推估,310.70,官方發布之資料為年初數，為利與我國比較，以次年年初數，當作本年年底數呈現,EUROSTAT網站,
義大利,2065,154,中推估,310.60,官方發布之資料為年初數，為利與我國比較，以次年年初數，當作本年年底數呈現,EUROSTAT網站,
義大利,2066,155,中推估,310.30,官方發布之資料為年初數，為利與我國比較，以次年年初數，當作本年年底數呈現,EUROSTAT網站,
義大利,2067,156,中推估,309.70,官方發布之資料為年初數，為利與我國比較，以次年年初數，當作本年年底數呈現,EUROSTAT網站,
義大利,2068,157,中推估,309.20,官方發布之資料為年初數，為利與我國比較，以次年年初數，當作本年年底數呈現,EUROSTAT網站,
義大利,2069,158,中推估,309.00,官方發布之資料為年初數，為利與我國比較，以次年年初數，當作本年年底數呈現,EUROSTAT網站,
義大利,2070,159,中推估,308.60,官方發布之資料為年初數，為利與我國比較，以次年年初數，當作本年年底數呈現,EUROSTAT網站,
西班牙,2025,114,中推估,168.20,官方發布之資料為年初數，為利與我國比較，以次年年初數，當作本年年底數呈現,EUROSTAT網站,
西班牙,2026,115,中推估,175.50,官方發布之資料為年初數，為利與我國比較，以次年年初數，當作本年年底數呈現,EUROSTAT網站,
西班牙,2027,116,中推估,183.10,官方發布之資料為年初數，為利與我國比較，以次年年初數，當作本年年底數呈現,EUROSTAT網站,
西班牙,2028,117,中推估,190.50,官方發布之資料為年初數，為利與我國比較，以次年年初數，當作本年年底數呈現,EUROSTAT網站,
西班牙,2029,118,中推估,198.70,官方發布之資料為年初數，為利與我國比較，以次年年初數，當作本年年底數呈現,EUROSTAT網站,
西班牙,2030,119,中推估,206.60,官方發布之資料為年初數，為利與我國比較，以次年年初數，當作本年年底數呈現,EUROSTAT網站,
西班牙,2031,120,中推估,214.30,官方發布之資料為年初數，為利與我國比較，以次年年初數，當作本年年底數呈現,EUROSTAT網站,
西班牙,2032,121,中推估,221.40,官方發布之資料為年初數，為利與我國比較，以次年年初數，當作本年年底數呈現,EUROSTAT網站,
西班牙,2033,122,中推估,227.40,官方發布之資料為年初數，為利與我國比較，以次年年初數，當作本年年底數呈現,EUROSTAT網站,
西班牙,2034,123,中推估,232.60,官方發布之資料為年初數，為利與我國比較，以次年年初數，當作本年年底數呈現,EUROSTAT網站,
西班牙,2035,124,中推估,236.90,官方發布之資料為年初數，為利與我國比較，以次年年初數，當作本年年底數呈現,EUROSTAT網站,
西班牙,2036,125,中推估,241.00,官方發布之資料為年初數，為利與我國比較，以次年年初數，當作本年年底數呈現,EUROSTAT網站,
西班牙,2037,126,中推估,244.70,官方發布之資料為年初數，為利與我國比較，以次年年初數，當作本年年底數呈現,EUROSTAT網站,
西班牙,2038,127,中推估,248.10,官方發布之資料為年初數，為利與我國比較，以次年年初數，當作本年年底數呈現,EUROSTAT網站,
西班牙,2039,128,中推估,251.50,官方發布之資料為年初數，為利與我國比較，以次年年初數，當作本年年底數呈現,EUROSTAT網站,
西班牙,2040,129,中推估,254.90,官方發布之資料為年初數，為利與我國比較，以次年年初數，當作本年年底數呈現,EUROSTAT網站,
西班牙,2041,130,中推估,258.10,官方發布之資料為年初數，為利與我國比較，以次年年初數，當作本年年底數呈現,EUROSTAT網站,
西班牙,2042,131,中推估,261.10,官方發布之資料為年初數，為利與我國比較，以次年年初數，當作本年年底數呈現,EUROSTAT網站,
西班牙,2043,132,中推估,263.90,官方發布之資料為年初數，為利與我國比較，以次年年初數，當作本年年底數呈現,EUROSTAT網站,
西班牙,2044,133,中推估,266.20,官方發布之資料為年初數，為利與我國比較，以次年年初數，當作本年年底數呈現,EUROSTAT網站,
西班牙,2045,134,中推估,268.40,官方發布之資料為年初數，為利與我國比較，以次年年初數，當作本年年底數呈現,EUROSTAT網站,
西班牙,2046,135,中推估,270.20,官方發布之資料為年初數，為利與我國比較，以次年年初數，當作本年年底數呈現,EUROSTAT網站,
西班牙,2047,136,中推估,271.80,官方發布之資料為年初數，為利與我國比較，以次年年初數，當作本年年底數呈現,EUROSTAT網站,
西班牙,2048,137,中推估,273.10,官方發布之資料為年初數，為利與我國比較，以次年年初數，當作本年年底數呈現,EUROSTAT網站,
西班牙,2049,138,中推估,274.40,官方發布之資料為年初數，為利與我國比較，以次年年初數，當作本年年底數呈現,EUROSTAT網站,
西班牙,2050,139,中推估,275.60,官方發布之資料為年初數，為利與我國比較，以次年年初數，當作本年年底數呈現,EUROSTAT網站,
西班牙,2051,140,中推估,276.90,官方發布之資料為年初數，為利與我國比較，以次年年初數，當作本年年底數呈現,EUROSTAT網站,
西班牙,2052,141,中推估,278.20,官方發布之資料為年初數，為利與我國比較，以次年年初數，當作本年年底數呈現,EUROSTAT網站,
西班牙,2053,142,中推估,279.70,官方發布之資料為年初數，為利與我國比較，以次年年初數，當作本年年底數呈現,EUROSTAT網站,
西班牙,2054,143,中推估,281.30,官方發布之資料為年初數，為利與我國比較，以次年年初數，當作本年年底數呈現,EUROSTAT網站,
西班牙,2055,144,中推估,282.90,官方發布之資料為年初數，為利與我國比較，以次年年初數，當作本年年底數呈現,EUROSTAT網站,
西班牙,2056,145,中推估,284.50,官方發布之資料為年初數，為利與我國比較，以次年年初數，當作本年年底數呈現,EUROSTAT網站,
西班牙,2057,146,中推估,286.30,官方發布之資料為年初數，為利與我國比較，以次年年初數，當作本年年底數呈現,EUROSTAT網站,
西班牙,2058,147,中推估,287.80,官方發布之資料為年初數，為利與我國比較，以次年年初數，當作本年年底數呈現,EUROSTAT網站,
西班牙,2059,148,中推估,289.10,官方發布之資料為年初數，為利與我國比較，以次年年初數，當作本年年底數呈現,EUROSTAT網站,
西班牙,2060,149,中推估,290.10,官方發布之資料為年初數，為利與我國比較，以次年年初數，當作本年年底數呈現,EUROSTAT網站,
西班牙,2061,150,中推估,291.00,官方發布之資料為年初數，為利與我國比較，以次年年初數，當作本年年底數呈現,EUROSTAT網站,
西班牙,2062,151,中推估,291.80,官方發布之資料為年初數，為利與我國比較，以次年年初數，當作本年年底數呈現,EUROSTAT網站,
西班牙,2063,152,中推估,292.30,官方發布之資料為年初數，為利與我國比較，以次年年初數，當作本年年底數呈現,EUROSTAT網站,
西班牙,2064,153,中推估,292.70,官方發布之資料為年初數，為利與我國比較，以次年年初數，當作本年年底數呈現,EUROSTAT網站,
西班牙,2065,154,中推估,292.90,官方發布之資料為年初數，為利與我國比較，以次年年初數，當作本年年底數呈現,EUROSTAT網站,
西班牙,2066,155,中推估,292.90,官方發布之資料為年初數，為利與我國比較，以次年年初數，當作本年年底數呈現,EUROSTAT網站,
西班牙,2067,156,中推估,292.50,官方發布之資料為年初數，為利與我國比較，以次年年初數，當作本年年底數呈現,EUROSTAT網站,
西班牙,2068,157,中推估,292.30,官方發布之資料為年初數，為利與我國比較，以次年年初數，當作本年年底數呈現,EUROSTAT網站,
西班牙,2069,158,中推估,291.90,官方發布之資料為年初數，為利與我國比較，以次年年初數，當作本年年底數呈現,EUROSTAT網站,
西班牙,2070,159,中推估,291.50,官方發布之資料為年初數，為利與我國比較，以次年年初數，當作本年年底數呈現,EUROSTAT網站,